handle,comments,people_tagged,tagged_who_entered,second_hop_reach,total_reach,entered
abbisnyder,52,46,3,7,53,"akfellows, bay.stout, jakesnyder43"
sarah_poulson4,30,30,1,7,37,kenna_penrod
dayna_carter1,31,27,0,0,27,
emmalou.olson,20,20,0,0,20,
jerisuesjourneys,20,20,0,0,20,
kerrieedwards,13,18,1,2,20,skosii
aubreyewiseman,16,16,2,3,19,"janae_nuckles, whithowlett"
sharing.shem,14,16,3,2,18,"jessica, jessica_g04, mckyya"
sko_edwards,16,13,2,9,22,"kerrieedwards, skosii"
becs.garn,13,13,0,0,13,
skosii,9,12,1,6,18,sko_edwards
chinnupbuttercup,10,12,0,0,12,
olgarauch,4,12,0,0,12,
suenmanu91,3,11,1,9,20,koofonua
koofonua,10,10,1,10,20,suenmanu91
cadenceallen68,10,10,2,2,12,"kelseymallen6, kennedy_allen02"
kailee.a.gregory,10,10,0,0,10,
janae_nuckles,9,9,3,13,22,"aubreyewiseman, dickersonfam5, whithowlett"
mhuffines,9,8,1,5,13,kristenheiner1
kenna_penrod,10,8,1,4,12,penrodamber
bryanna1141,9,8,1,2,10,donna.marie.marlatt
johnna9,8,8,0,0,8,
jordan0491,9,8,1,0,8,condie.kyle
katelyn.smiles,5,8,0,0,8,
kristin_hill,1,8,0,0,8,
britrusson,8,8,0,0,8,
jbbear9,8,8,1,0,8,bradleykidz
jess.krewson,7,8,0,0,8,
whithowlett,7,7,2,12,19,"aubreyewiseman, janae_nuckles"
sar.will,6,7,1,2,9,whiteknight117
cassidyldiaz,8,7,0,0,7,
scampnoodle,7,7,0,0,7,
d.a.y.t.o.n.9.9,3,7,0,0,7,
karenesco2,7,7,0,0,7,
banner_events,7,7,0,0,7,
mels_2025,7,7,0,0,7,
jolynneroberts,7,7,0,0,7,
laurahulsedavis,10,7,0,0,7,
kristenheiner1,6,6,2,9,15,"krystal.kovac, mhuffines"
kennedy_allen02,6,6,3,6,12,"cadenceallen68, kelseymallen, kelseymallen6"
leslihavili,6,6,2,6,12,"farmersmarketwife, sam_havili"
megbaker624,2,6,1,4,10,hasp_anderson
hasp_anderson,2,6,1,4,10,megbaker624
rachelditto,6,6,1,3,9,brittneye33
alicia.atwater,7,6,1,2,8,atwater.ianx
jakesnyder43,6,6,0,0,6,
scabbz,6,6,0,0,6,
alexlynn.gray,7,6,0,0,6,
heatadams,6,6,0,0,6,
haws0806,2,6,0,0,6,
lizzyandersen,6,6,0,0,6,
mrj_2620,8,6,0,0,6,
heathermath28,6,6,0,0,6,
jamienetty,2,6,0,0,6,
vdawnhorrocks,5,6,0,0,6,
inevitablyme,6,6,0,0,6,
jilliedenna,7,6,0,0,6,
katiecorbridge,1,6,0,0,6,
mckyya,5,5,2,13,18,"jessica, sharing.shem"
penrodamber,5,5,2,13,18,"haws0806, kenna_penrod"
emilysallen26,5,5,2,4,9,"emilys_ribboncreations, marcibocchino"
mamapreston6,3,5,1,2,7,travelzenbyjen
ofeinaquilter10,3,5,1,2,7,nate_quilter
emwoolzy5,5,5,1,2,7,stlewis2726
mr_lub_turner,3,5,1,1,6,brooke.turn
michellesaves,6,5,0,0,5,
katesouthwick,5,5,0,0,5,
markmcmurdie,1,5,0,0,5,
jcrockett1,3,5,0,0,5,
sweetlifewithmindy,6,5,0,0,5,
laur22ashley,5,5,0,0,5,
gracekaye,5,5,0,0,5,
nkbess88,5,5,0,0,5,
nataliejoyhomer,5,5,0,0,5,
uglys.closet,5,5,0,0,5,
kayshamcentire,5,5,0,0,5,
summertuitama,2,5,0,0,5,
denaecarison,5,5,0,0,5,
bay.stout,4,4,2,46,50,"abbisnyder, jakesnyder43"
dawson15788,4,4,3,15,19,"jessica, mckyya, sharing.shem"
jessica,5,4,2,14,18,"mckyya, sharing.shem"
kelseymallen6,5,4,2,8,12,"cadenceallen68, kennedy_allen02"
astle_andrew,1,4,2,5,9,"kissymarissy, mel_peterson23"
sam_havili,5,4,1,5,9,leslihavili
whiteknight117,1,4,1,5,9,sar.will
atwater.ianx,4,4,1,4,8,alicia.atwater
ameliae_smith,1,4,1,3,7,bellalee.03
dylan4hart,1,4,2,2,6,"harthappenings, hartterri"
hartterri,1,4,2,2,6,"dylan4hart, harthappenings"
shariturnerwycherly,1,4,1,2,6,adventuresnparenting
bradyarb31,1,4,1,2,6,nickarbon31
ashleywv418,1,4,1,1,5,atvalencic
anakarynna.oh,4,4,0,0,4,
lizzette529,4,4,0,0,4,
mel_peterson23,4,4,0,0,4,
sailegaby,4,4,0,0,4,
gunthercook23,1,4,0,0,4,
katquirante,7,4,0,0,4,
bremcconaghie,4,4,0,0,4,
fahfaletau,4,4,0,0,4,
stephyinlehi,1,4,0,0,4,
aprilsmail,4,4,0,0,4,
kalyntbearss,4,4,0,0,4,
brande.i.j,3,4,0,0,4,
jn.mommabear,5,4,0,0,4,
malindamojimakes,4,4,0,0,4,
eakinchick,4,4,0,0,4,
sargentfamily,5,4,0,0,4,
heidi.c_h,4,4,0,0,4,
bestg6,4,4,0,0,4,
kasseneyre,4,4,0,0,4,
kmmamgeo_adventures,6,4,0,0,4,
dianajalbert,4,4,0,0,4,
kbmac415,1,4,0,0,4,
speakmichelle,4,4,0,0,4,
samaymemm,4,4,0,0,4,
ambreeanderson1991,1,4,0,0,4,
lynettej22,1,4,0,0,4,
melmeach22,4,4,0,0,4,
suzettepearson,4,4,0,0,4,
coleman_audrey,1,4,0,0,4,
julieolsonbooks,4,4,0,0,4,
dannynvika,1,4,0,0,4,
vivian.i.nichol,1,4,0,0,4,
mads.dunne,4,4,0,0,4,
yepitused2rhyme,5,4,0,0,4,
rclindsey.highfitness,4,4,0,0,4,
lahivaka,2,4,0,0,4,
jbkho427,2,4,1,0,4,janekho310
morgan.dimmick,4,4,0,0,4,
bay20009,1,4,0,0,4,
sarahmayfield,4,4,0,0,4,
marwoolley4,3,4,0,0,4,
shaylee.larose,4,4,0,0,4,
janannabean,1,3,1,7,10,d.a.y.t.o.n.9.9
donna.marie.marlatt,3,3,1,7,10,bryanna1141
angelarhatch,3,3,2,7,10,"emilysallen26, marcibocchino"
amely_nr,1,3,2,6,9,"deenahbrune, pau.yanezz"
kissymarissy,1,3,2,6,9,"astle_andrew, mel_peterson23"
condie.kyle,3,3,1,5,8,jordan0491
ljenk55,1,3,2,5,8,"daniel_t_sorensen, shaejenks"
bradleykidz,3,3,1,5,8,jbbear9
katemthorpe,1,3,1,5,8,mamapreston6
nate_quilter,1,3,1,4,7,ofeinaquilter10
travelzenbyjen,3,3,1,4,7,mamapreston6
i_jenk55,1,3,2,4,7,"daniel_t_sorensen, shaejenks"
sia_vailolo104,2,3,1,4,7,fahfaletau
nickarbon312d,1,3,1,4,7,bradyarb31
brittneye33,3,3,1,3,6,vanessa_post23
adventuresnparenting,1,3,1,3,6,shariturnerwycherly
brittanyd21,3,3,1,3,6,kaitlinjensen_irl
brooke.turn,3,3,1,3,6,mr_lub_turner
a.lotta.boys.mom,1,3,1,3,6,brianwilson3634
jaceandmare,3,3,1,3,6,karlimichele
nickarbon31,1,3,1,3,6,bradyarb31
kimmerson1,1,3,1,3,6,shayhardman
heidi_ars22,3,3,1,3,6,brittanyd21
brent_byu,1,3,1,3,6,game_on_jonathan
kris10pace2,3,3,1,3,6,kplovesmath
whitlocksensei,3,3,1,3,6,marciw60
amandanwilson,3,3,1,3,6,calleewilson
kimmersont,1,3,1,3,6,shayhardman
ella.filimoeatu,3,3,1,3,6,cienna_filimoeatu
hanna.mollerup,4,3,1,3,6,sethpod1
shaejenks,3,3,2,3,6,"brookeyoung79, i_jenk55"
harthappenings,1,3,2,3,6,"dylan4hart, hartterri"
aakunz5,3,3,1,3,6,becca_b15
brookeyoung79,4,3,1,2,5,shaejenks
andrewsfamilycircus,3,3,1,2,5,ella_andrews_7
millyskillz83,1,3,1,2,5,kylermills95
utahgolfinsider,1,3,1,2,5,brookskb09
bryce_throne,1,3,2,2,5,"mikayla.thorne, t.j.thorne"
monicanichole,3,3,1,2,5,saigeyy_barney
toryomiller,3,3,1,2,5,kyri.miller
hey_itsme_morg,3,3,1,2,5,spiffgriff
mikayla.thorne,1,3,2,2,5,"bryce_throne, t.j.thorne"
steelerguy99,1,3,1,2,5,kenzie.bessert
kyri.miller,7,3,1,2,5,toryomiller
hhaunga,3,3,1,2,5,kyleehaunga
saigeyy_barney,3,3,1,2,5,erjacks08
ella_andrews_7,2,3,1,2,5,andrewsfamilycircus
kajmosley,3,3,1,2,5,juliettemccartney
spiffgriff,3,3,1,2,5,hey_itsme_morg
juliettemccartney,4,3,1,2,5,kajmosley
t.j.thorne,1,3,2,2,5,"bryce_throne, mikayla.thorne"
kenzie.bessert,1,3,1,2,5,steelerguy99
erjacks08,3,3,1,2,5,saigeyy_barney
brookskb09,1,3,1,2,5,utahgolfinsider
atvalencic,1,3,1,2,5,ashleywv418
jonesjaredm,3,3,2,1,4,"b_rad1050, melissajones79"
b_rad1050,3,3,2,1,4,"jonesjaredm, melissajones79"
melissajones79,3,3,2,1,4,"b_rad1050, jonesjaredm"
reeseoliveira,1,3,1,1,4,916jonbryan
kariganj3,3,3,1,1,4,kaitlanw89
kaitlanw89,3,3,1,1,4,kariganj3
sadie,2,3,1,1,4,jennbjenkins
916jonbryan,1,3,1,1,4,reeseoliveira
stephstanley_98,1,3,0,0,3,
momma_mary_cannon,1,3,0,0,3,
a_free1234,4,3,0,0,3,
sherimarie.soria,3,3,0,0,3,
raeasaasa,1,3,0,0,3,
thesunshinebookworm,1,3,0,0,3,
deenahbrune,1,3,0,0,3,
julianawade,3,3,0,0,3,
withlovetaralee,1,3,0,0,3,
belnicky13,3,3,0,0,3,
roubideaurunts,1,3,0,0,3,
dickersonfam5,4,3,0,0,3,
becca_b15,3,3,0,0,3,
kimrabham,3,3,0,0,3,
bwardle08,1,3,0,0,3,
isileli,1,3,0,0,3,
tiffanymduering,1,3,0,0,3,
ourgratitudefiles,3,3,0,0,3,
kimberly615,3,3,1,0,3,frycar
bellalee.03,3,3,0,0,3,
mauisher101,4,3,0,0,3,
emilys_ribboncreations,3,3,0,0,3,
jenni_runolfson,3,3,0,0,3,
sadie_adele,3,3,0,0,3,
jennybelo,3,3,0,0,3,
holtkazoku,1,3,0,0,3,
farmersmarketwife,3,3,0,0,3,
itelzinga,1,3,0,0,3,
reeskatie,3,3,0,0,3,
momkate5,1,3,0,0,3,
rebeccaandersonaz,3,3,0,0,3,
ajboocoopsmom,3,3,0,0,3,
kcboscan,3,3,0,0,3,
strikewithfierceness,1,3,0,0,3,
ali_oop434,1,3,0,0,3,
ellie_rjs,3,3,0,0,3,
tysina,3,3,0,0,3,
mignonne._2d,3,3,0,0,3,
breck.kate,4,3,0,0,3,
taya_vball13,1,3,0,0,3,
sherilarsen,3,3,0,0,3,
kaisa_lisa,3,3,0,0,3,
meg_callister,4,3,0,0,3,
rubster2821,1,3,0,0,3,
kara_jansson,1,3,0,0,3,
shellbell2007,3,3,0,0,3,
lubdeeze,1,3,0,0,3,
nataleebrooke,3,3,0,0,3,
shelbyyy_clark,1,3,0,0,3,
brynnleenorris,1,3,0,0,3,
woodyzack34,1,3,0,0,3,
elizabethpeck_3d,1,3,0,0,3,
frycar,3,3,1,0,3,kimberly615
jessicashuntingadventures,3,3,0,0,3,
marciw60,3,3,0,0,3,
wendilyn.utah,1,3,0,0,3,
shea.malouf,1,3,0,0,3,
janinethorell,3,3,0,0,3,
carissarager,3,3,0,0,3,
cdabomb808,1,3,0,0,3,
steph.dabo.lapray,3,3,0,0,3,
sarajocluff,1,3,0,0,3,
ezburnham,1,3,0,0,3,
asiahillyer,3,3,0,0,3,
leinekuita,1,3,0,0,3,
archangel_42,1,3,0,0,3,
heidimonsivais,3,3,0,0,3,
lizken7908,3,3,0,0,3,
kaitlinjensen_irl,3,3,0,0,3,
coolmom_tiffany,3,3,0,0,3,
game_on_jonathan,1,3,0,0,3,
itsa_me_tati,1,3,0,0,3,
daniel_t_sorensen,1,3,0,0,3,
melaniekpulla,1,3,0,0,3,
conradallen,3,3,0,0,3,
fitness.makenzie,3,3,0,0,3,
melissakinggarrett,3,3,0,0,3,
mormishmom,3,3,0,0,3,
live.to.travel7,1,3,1,0,3,suzyqballer
hadley.milner,3,3,0,0,3,
summer.a.y,1,3,0,0,3,
dedecrowley,1,3,0,0,3,
jessfautin,3,3,0,0,3,
laur,3,3,0,0,3,
penta_deuce,1,3,0,0,3,
ladyaguilar94,1,3,0,0,3,
bethanysueb,1,3,0,0,3,
gab7.gg,1,3,0,0,3,
natalie.muilenburg,1,3,0,0,3,
kaycee_dance_10,3,3,0,0,3,
maremoala,4,3,0,0,3,
shanw0w88,3,3,2,0,3,"mburr1015, viperabs24"
putnamem,3,3,0,0,3,
lynettenorton,3,3,0,0,3,
kaelstoker,1,3,0,0,3,
vanessa_post23,3,3,0,0,3,
smboon85,1,3,0,0,3,
kplovesmath,3,3,0,0,3,
kylermills95,3,3,0,0,3,
twlynch,1,3,0,0,3,
mburr1015,3,3,2,0,3,"shanw0w88, viperabs24"
addison_brems,3,3,0,0,3,
tarapettingill,1,3,0,0,3,
sethpod1,3,3,0,0,3,
jonathanventura4973,1,3,0,0,3,
romanjepp13,3,3,0,0,3,
hannahr.sparks,1,3,0,0,3,
hkidd93,1,3,0,0,3,
jmeyerhoffer,5,3,0,0,3,
mommajames1,1,3,0,0,3,
ben.sawaya,1,3,0,0,3,
chelseahertig,3,3,0,0,3,
averyymatti,1,3,0,0,3,
leflera,1,3,0,0,3,
shayhardman,1,3,0,0,3,
brianwilson3634,1,3,0,0,3,
benson_baker20,1,3,0,0,3,
saraoallen,1,3,0,0,3,
hopeputley,1,3,0,0,3,
linda_bosanko_shattuck,3,3,0,0,3,
k9fishy,1,3,0,0,3,
b8manfamily,3,3,0,0,3,
leandra_holley3,1,3,0,0,3,
elisepears,3,3,0,0,3,
pock3t,1,3,0,0,3,
bingham_brooklyn1,1,3,0,0,3,
sarahwaggyy,1,3,0,0,3,
tefinilu,3,3,0,0,3,
hayhaytrejo_03,1,3,0,0,3,
tami_whirlwind_adventures,1,3,0,0,3,
brennaw14,1,3,0,0,3,
mckenna_mamabear,3,3,0,0,3,
sophie_scoresby20,3,3,0,0,3,
marki.bischoff,3,3,0,0,3,
ajmetcalf95,1,3,0,0,3,
derek_smith4,1,3,0,0,3,
glowinupursoul,1,3,0,0,3,
talisefisher,3,3,0,0,3,
nicolemaughan,3,3,0,0,3,
beckyjalbrecht,3,3,0,0,3,
noellhelean,3,3,0,0,3,
karlimichele,3,3,0,0,3,
kendall.grace07,3,3,0,0,3,
wdheath40,1,3,0,0,3,
criskendellgarside,1,3,0,0,3,
brooklynbeales,1,3,0,0,3,
amymanderson27,3,3,0,0,3,
hannah.opal,3,3,0,0,3,
cartings2,1,3,1,0,3,kytingey
mommawhit4,1,3,0,0,3,
kellbelle3,3,3,0,0,3,
latterdaysaintfamily,1,3,0,0,3,
mia.mct,1,3,0,0,3,
libbykrupa,1,3,0,0,3,
annieleehatch,3,3,0,0,3,
akfellows,3,3,0,0,3,
lekaprescott84,1,3,0,0,3,
icemanbob,1,3,0,0,3,
heididressel,1,3,0,0,3,
timothy_mck,1,3,1,0,3,rachmckenna27
dancingdoll2,1,3,0,0,3,
hardwareandheels,1,3,0,0,3,
freezebuttgirl,4,3,0,0,3,
krc_singasong,3,3,0,0,3,
youngtribe5,1,3,0,0,3,
pau.yanezz,1,3,0,0,3,
emilylemoine22,3,3,0,0,3,
loulucky13,3,3,0,0,3,
haycap22,4,3,0,0,3,
sar.mccleary,1,3,0,0,3,
funky_they_call_me,3,3,0,0,3,
roxy02rose,1,3,0,0,3,
faroerick,1,3,0,0,3,
mylittleolive,3,3,0,0,3,
autumnmosis,1,3,0,0,3,
this.scented_life,1,3,0,0,3,
em.nelson24,3,3,0,0,3,
jennbjenkins,1,3,1,0,3,sadie._.jenkins
jhoyal26,3,3,0,0,3,
annali.walker,3,3,0,0,3,
barbara_britoo,1,3,0,0,3,
dallen_garvin,3,3,0,0,3,
marci_frazier,3,3,0,0,3,
sadie._.jenkins,1,3,1,0,3,jennbjenkins
wendyj4,3,3,0,0,3,
probst_noah,1,3,0,0,3,
the.finance.life,3,3,0,0,3,
thelittle_foot,1,3,0,0,3,
aimeebret,1,3,0,0,3,
calleewilson,3,3,0,0,3,
morwhitn,1,3,0,0,3,
mignonne,4,3,0,0,3,
nadiaieremia,1,3,0,0,3,
jen_faith_keck,3,3,0,0,3,
shalisestaples,3,3,0,0,3,
laurbird,3,3,0,0,3,
simply_.sadie,1,3,0,0,3,
nikkigalbraith,3,3,0,0,3,
terra_987,3,3,0,0,3,
sarahj20003,1,3,0,0,3,
sisbobbie,1,3,0,0,3,
vai_n_joey,3,3,0,0,3,
petersenscrolls,3,3,0,0,3,
sstahly,1,3,0,0,3,
abbi_robb,3,3,0,0,3,
hjjacobson,3,3,0,0,3,
aniutupuivaha,3,3,0,0,3,
cranetara,3,3,0,0,3,
higueycraig,3,3,0,0,3,
eyeseesarah,3,3,0,0,3,
alissaferrell,3,3,0,0,3,
kamillelionetti,3,3,0,0,3,
jenn_muho,3,3,0,0,3,
marcibocchino,4,3,0,0,3,
pamturley,1,3,0,0,3,
viperabs24,3,3,2,0,3,"mburr1015, shanw0w88"
jamie.ashdown,3,3,0,0,3,
gaylinnbradshaw,3,3,0,0,3,
rockinreids,3,3,0,0,3,
7frosts,3,3,0,0,3,
redhead0727,3,3,0,0,3,
momma_murk,2,3,0,0,3,
auburnleafbodywork,1,3,0,0,3,
lacinda2010,3,3,0,0,3,
sierra_0906,1,3,0,0,3,
nicholeerskine,3,3,0,0,3,
shannabundy,1,3,0,0,3,
kate.kate147,3,3,1,0,3,sarahengel.13
vanessa_rivera_11,3,3,0,0,3,
stuart_aetonu,1,3,0,0,3,
cienna_filimoeatu,3,3,0,0,3,
mckaycrichton,1,3,0,0,3,
swayz447,3,3,0,0,3,
nikki.millward28,1,3,0,0,3,
tbrunner31,1,3,0,0,3,
reece_ogden1,3,3,0,0,3,
audreypedersen,3,3,0,0,3,
vidandslish,1,3,0,0,3,
ginalee_3,3,3,0,0,3,
todd.newbold,14,3,0,0,3,
rmcorey1,3,3,0,0,3,
alli.allred,4,3,0,0,3,
aliciacherrington,3,3,0,0,3,
nicoleharmon14,1,3,0,0,3,
rfrockwood,3,3,0,0,3,
tyandra_perez,4,3,0,0,3,
sierra.lyn,3,3,0,0,3,
rachmckenna27,1,3,1,0,3,timothy_mck
johannawjohnson,3,3,0,0,3,
luong,3,3,0,0,3,
krystal.kovac,3,3,0,0,3,
whit323,1,3,0,0,3,
kaylakipper,3,3,0,0,3,
suterchelsey,3,3,0,0,3,
jordanhaining,1,3,0,0,3,
jessinthesun,4,3,0,0,3,
jessmom6,3,3,0,0,3,
inmyelvisera,1,3,0,0,3,
kyleehaunga,3,3,0,0,3,
timandjen92,3,3,0,0,3,
valerietillmann,3,3,0,0,3,
mkcruzr,3,3,0,0,3,
mobrewer,3,3,0,0,3,
ntkmcclure,3,3,0,0,3,
haileywankier,1,3,0,0,3,
itsjustdebi,1,3,0,0,3,
marshalle.williams,1,3,0,0,3,
tismith22,5,3,0,0,3,
auriebarton,3,3,0,0,3,
westfam7,3,3,0,0,3,
beccarussellsprouts,1,3,0,0,3,
leavittannie,3,3,0,0,3,
lisa.hester22,1,3,0,0,3,
jeantwitch,3,3,0,0,3,
sarahengel.13,1,3,1,0,3,kate.kate147
charleensd,3,3,0,0,3,
heather_nelson11,1,3,0,0,3,
sandirjones,2,3,0,0,3,
laur.eccles,5,3,0,0,3,
suzyqballer,1,3,1,0,3,live.to.travel7
heyannie8,1,3,0,0,3,
luckeemom,1,3,0,0,3,
rigraham85,4,3,0,0,3,
carolynwright1,1,3,0,0,3,
sarah.marie76,3,3,0,0,3,
stlewis2726,3,3,0,0,3,
maemaetnelly,3,3,0,0,3,
sadie._jenkins,1,2,1,3,5,jennbjenkins
kytingey,1,2,1,1,3,cartings2
rachelmellor09,1,2,0,0,2,
kimberly.ballam,2,2,0,0,2,
kellbelle,2,2,0,0,2,
lexiecstrong,1,2,0,0,2,
brittspete,2,2,0,0,2,
luannebailey,4,2,0,0,2,
kimberly,2,2,0,0,2,
luong1556,2,2,0,0,2,
telmadethis,3,2,0,0,2,
kelseymallen,1,1,1,10,11,cadenceallen68
jessica_g04,1,1,1,5,6,mckyya
brookeyoung,1,1,1,3,4,shaejenks
kristenhe,1,1,1,3,4,krystal.kovac
mhuttines,1,1,0,0,1,
janekho310,1,1,0,0,1,
kerriedwards,1,1,0,0,1,
kre_singasong,1,1,0,0,1,
kurtessa,1,1,0,0,1,
breck,1,1,0,0,1,
vain_joey,1,1,0,0,1,
gracekayo,1,1,0,0,1,
jmushep,2,1,0,0,1,
muffines,1,1,0,0,1,
heidi,1,1,0,0,1,
emilylemoine,1,1,0,0,1,
carolyn_morris,1,1,0,0,1,
emwoolzys,1,1,0,0,1,
sharing,1,1,0,0,1,
brett.pollard,1,1,0,0,1,
kalymocarss,1,1,0,0,1,
ranamos,1,1,0,0,1,
gracekaye_3d,1,1,0,0,1,
would,1,0,0,0,0,
carah,1,0,0,0,0,
anthonybishop1076,1,0,0,0,0,
davna,1,0,0,0,0,
this,3,0,0,0,0,
sko,1,0,0,0,0,
lond,1,0,0,0,0,
load,3,0,0,0,0,
waterballet40,1,0,0,0,0,
hronkeununn79,1,0,0,0,0,
bailes,1,0,0,0,0,
formoremartotwife,1,0,0,0,0,
sarah,1,0,0,0,0,
